frame_file,load_s,points_raw,intensity_comp_s,range_filter_s,points_after_range,ground_remove_s,points_after_ground,voxelize_s,voxels_count,mean_voxel_density,reflectivity_build_s,cluster_s,clusters_count,mean_cluster_size,fusion_s,fused_voxels_count,mean_stability,interpolate_s,feature_extract_s,objects_count,mean_object_height,mean_object_footprint,bev_s,bev_nonzero,bev_cells,total_s,total_stage_s,frame_index
data/velodyne_points/las\0000000001.las,0.01603249995969236,118702,0.002180199953727424,0.004010900040157139,118212,0.0011931000044569373,60920,0.35432719998061657,13430,4.536113179448995,0.024210500065237284,1.587980000069365,55,1098.4,0.06732160004321486,23598,0.5702178150690737,3.100023604929447e-06,0.0745249999454245,55,1.7948363808068362,27.153115263513545,0.003033899934962392,19453,2891832,2.1464431999484077,2.1348180000204593,0
data/velodyne_points/las\0000000002.las,0.01767570001538843,116650,0.001931999926455319,0.003398600034415722,116133,0.0012212999863550067,59713,0.31738869997207075,13532,4.412725391664203,0.02483350003603846,1.5772998000029474,63,939.2063492063492,0.13373200001660734,33227,0.4057342923927328,1.9000144675374031e-06,0.07828960008919239,63,1.665714293718338,20.19742071350652,0.003481200081296265,19523,2859615,2.179961599991657,2.1592543001752347,1
data/velodyne_points/las\0000000003.las,0.01645019999705255,115650,0.002657799981534481,0.0032118000090122223,115139,0.0012375999940559268,59013,0.3204965000040829,13474,4.379768442927119,0.023184899939224124,1.5679064000723884,62,944.6935483870968,0.16412750002928078,42473,0.31736632684293553,2.300017513334751e-06,0.07335059996694326,62,1.6817903307176405,16.777537083073007,0.0031658000079914927,19091,3118502,2.1895763999782503,2.1757914000190794,2
data/velodyne_points/las\0000000004.las,0.05616159993223846,115150,0.002925099921412766,0.004756300011649728,114642,0.002000299980863929,59459,0.3436595000093803,13481,4.410577850307841,0.03436269995290786,1.4931604999583215,69,855.6231884057971,0.20983730000443757,51408,0.26221210706504827,2.200016751885414e-06,0.07705329998861998,69,1.7239275501258131,12.22174077189487,0.004349800059571862,18874,3374382,2.2600754000013694,2.2282685998361558,3
data/velodyne_points/las\0000000005.las,0.01661489997059107,114968,0.0021561000030487776,0.0043406999902799726,114473,0.0011667999206110835,61667,0.3553698000032455,13509,4.564882670812051,0.023059899918735027,1.880456899991259,73,839.8904109589041,0.2306627999059856,59844,0.22533030323284983,1.700012944638729e-06,0.08017870003823191,73,1.7711233161900142,11.381576043387799,0.003294600057415664,18765,3382938,2.632698200060986,2.597302899812348,4
data/velodyne_points/las\0000000006.las,0.025243100011721253,114395,0.0019570000004023314,0.003761200001463294,113855,0.0013945000246167183,63683,0.33573169994633645,13580,4.689469808541974,0.023816099972464144,2.256039600004442,73,869.013698630137,0.283839299925603,68035,0.1984020829615009,2.00001522898674e-06,0.08817050000652671,73,1.8654383682224849,11.84149325713005,0.0037061000475659966,18606,3354981,3.0663922000676394,3.023661099956371,5
data/velodyne_points/las\0000000007.las,0.01703250000718981,114873,0.0036084000021219254,0.004665900021791458,114323,0.0014194999821484089,67165,0.46433359989896417,13573,4.948427024239298,0.030635799979791045,3.1549969000043347,60,1115.3333333333333,0.39088489999994636,76000,0.17773190789473683,2.300017513334751e-06,0.10533869999926537,60,1.946833336353302,16.461589048430323,0.003995600040070713,18157,2856299,4.204042500001378,4.176914099953137,6
data/velodyne_points/las\0000000008.las,0.019039300037547946,115236,0.002354600001126528,0.0037502999184653163,114679,0.0016493999864906073,72027,0.526446699979715,13088,5.503285452322738,0.02419299993198365,8.372458999976516,54,1327.5555555555557,0.6673633999889717,83351,0.16149776247435543,1.800013706088066e-06,0.09680539998225868,54,1.9005740814738803,19.79842278747647,0.0036285000387579203,17883,2726088,9.778976900037378,9.71769139985554,7
data/velodyne_points/las\0000000009.las,0.022976099979132414,115047,0.0030221999622881413,0.0051241000182926655,114448,0.0020205999026075006,72241,0.4275675000390038,12827,5.631948234193498,0.021766999969258904,12.480566799989901,58,1240.7241379310344,0.6964113999856636,90173,0.14857662493207502,2.800021320581436e-06,0.11349409993272275,58,1.821362085383514,18.13052158944052,0.004164899932220578,17290,2932686,13.848763499991037,13.777117499732412,8
data/velodyne_points/las\0000000010.las,0.021629399969242513,116006,0.002867999952286482,0.003927999990992248,115418,0.0014149999478831887,69556,0.4141914000501856,13258,5.246341831347111,0.022922399919480085,3.313916999963112,50,1383.78,0.3761712999548763,90155,0.14835782818479287,1.6998965293169022e-06,0.08470580005086958,50,1.73240001142025,26.89707238845527,0.0030468000331893563,18113,3030084,4.298405900015496,4.244796799728647,9
data/velodyne_points/las\0000000011.las,0.020595100009813905,118643,0.002410900080576539,0.003638700000010431,117996,0.0013620000099763274,67007,0.4390676999464631,13039,5.138967712247871,0.053999099996872246,2.13600099994801,55,1211.9272727272728,0.35499839996919036,89997,0.1481838283498339,1.500011421740055e-06,0.07840380002744496,55,1.695490924878554,18.392730337923222,0.0027387000154703856,18142,3107600,3.14570539991837,3.09321690001525,10
data/velodyne_points/las\0000000012.las,0.018791900016367435,120122,0.0019777000416070223,0.0035146999871358275,119441,0.0010655999649316072,63973,0.3805878999410197,13237,4.832892649391856,0.02157680003438145,1.7527726999251172,54,1178.9074074074074,0.3585308000911027,89686,0.14836875320562853,1.800013706088066e-06,0.07541390007827431,54,1.6880926042795181,17.6061156389338,0.0030098999850451946,18328,2641226,2.6699257999425754,2.6172437000786886,11
data/velodyne_points/las\0000000013.las,0.018066099961288273,120570,0.002100299927406013,0.0036785000702366233,119856,0.0013204999268054962,61350,0.32569660001900047,13253,4.629140571945975,0.021442399942316115,1.4473621000070125,54,1130.148148148148,0.35712790000252426,89328,0.14871596811749957,1.9000144675374031e-06,0.07493420003447682,54,1.620592592491044,17.954905740571796,0.0024967999197542667,18451,2964384,2.3068240999709815,2.2542272998252884,12
data/velodyne_points/las\0000000014.las,0.014754700008779764,120768,0.002243699971586466,0.003977800020948052,119941,0.0011125999735668302,59423,0.32454890001099557,13291,4.4709201715446545,0.04999930004123598,1.3074210000922903,56,1055.4285714285713,0.3607881999341771,89491,0.14823278318490127,2.299901098012924e-06,0.08329460001550615,56,1.5698393029826028,15.801711041979226,0.002433400019071996,18743,2919240,2.2151694000931457,2.1505764999892563,13
data/velodyne_points/las\0000000015.las,0.022867399966344237,121068,0.0018159999744966626,0.0037315000081434846,120202,0.0013664000434800982,58750,0.30046619998756796,13421,4.37746814693391,0.02389829989988357,1.2464386000065133,51,1143.6274509803923,0.3714643999701366,89825,0.147583634845533,1.500011421740055e-06,0.07172330003231764,51,1.53519608168041,18.47873876302266,0.0036175999557599425,18672,2458224,2.098924500052817,2.047391199856065,14
data/velodyne_points/las\0000000016.las,0.019611399970017374,121063,0.0019808000652119517,0.0036776999477297068,120185,0.0014553000219166279,58628,0.30799839994870126,13742,4.266336777761607,0.02205789997242391,1.2923264999408275,58,1002.6896551724138,0.38797010004054755,90135,0.1472557829921784,1.400010660290718e-06,0.07439870003145188,58,1.4978965515720433,16.95733192652978,0.0024933000095188618,19319,2814357,2.1668206000467762,2.113971499959007,15
data/velodyne_points/las\0000000017.las,0.014895700034685433,120941,0.0019830999663099647,0.003298399969935417,120073,0.0013516000472009182,58154,0.33738149993587285,13719,4.238938698155843,0.02241690002847463,1.2236489000497386,57,1013.0877192982456,0.3709511000197381,89979,0.14767334600295626,2.00001522898674e-06,0.07359259994700551,57,1.4793859652259893,16.443043191704835,0.002584200003184378,19161,2593582,2.1042498000897467,2.0521060000173748,16
data/velodyne_points/las\0000000018.las,0.016513999900780618,120928,0.001873500063084066,0.0033771999878808856,120108,0.0009571000700816512,57970,0.3052416999125853,13587,4.26657834694929,0.022501899977214634,1.2018122000154108,53,1085.8867924528302,0.3622096999315545,90278,0.1477369901858703,1.700012944638729e-06,0.07731889991555363,53,1.5770377409908007,16.419890272097206,0.0029817998874932528,18609,2712650,2.048842899966985,1.994789699674584,17
data/velodyne_points/las\0000000019.las,0.014982000109739602,120853,0.0018933999817818403,0.0035143999848514795,120075,0.001017100061289966,58434,0.31172780005726963,13596,4.297881729920565,0.05299959995318204,1.6349485999671742,55,1053.5272727272727,0.38467119995038956,90386,0.1484112583807227,2.500019036233425e-06,0.1031620999565348,55,1.6340545610948043,14.9857366964221,0.0027982000028714538,18611,3045474,2.5786981000564992,2.511716900044121,18
data/velodyne_points/las\0000000020.las,0.015942399972118437,121097,0.0026381000643596053,0.003984900075010955,120249,0.0018746000714600086,59288,0.38277380005456507,13478,4.39887223623683,0.02669089997652918,1.3595118999946862,54,1090.1666666666667,0.3770411000587046,89934,0.14940178353014433,2.300017513334751e-06,0.0866613999241963,54,1.6109444460383169,17.336996041721218,0.0027923000743612647,18839,3068760,2.3172187000745907,2.259913700283505,19
data/velodyne_points/las\0000000021.las,0.016273300047032535,121207,0.0018720000516623259,0.004470500047318637,120257,0.0012637999607250094,60451,0.32816309994086623,13472,4.487158551068884,0.024823500076308846,1.580794500070624,55,1091.5454545454545,0.3746308999834582,89632,0.15038825419493038,2.299901098012924e-06,0.0755747000221163,55,1.5189272571693768,18.554774145511065,0.002673799986951053,18904,3689595,2.463723700027913,2.4105424000881612,20
